Query_Name,Hit_id,Query_cover,Identity,Evalue
FLOH01001532.1,QDP58529,0.9497607655502392,0.3879093198992443,6.39737e-91
FLOH01001532.1,RYY51473,0.9832535885167464,0.3260340632603406,1.10751e-64
FLOH01001532.1,WP_130306583,0.9641148325358851,0.3399503722084367,3.72985e-64
FLOH01001532.1,PJF21222,0.9258373205741627,0.3333333333333333,1.82215e-62
FLOH01001532.1,WP_076346919,0.9521531100478469,0.314070351758794,1.23409e-60
