Query_Name,Hit_id,Query_cover,Identity,Evalue
VMHT01120665.1,WP_109905264,0.9147982062780269,0.24509803921568626,5.87036e-14
VMHT01120665.1,WP_108683229,0.8878923766816144,0.2727272727272727,4.39673e-13
VMHT01120665.1,WP_106751965,0.8968609865470852,0.275,1.43391e-12
VMHT01120665.1,WP_109922829,0.9192825112107623,0.24878048780487805,2.24558e-12
VMHT01120665.1,RLB87081,0.9730941704035875,0.30414746543778803,2.74224e-12
