Query_Name,Hit_id,Query_cover,Identity,Evalue
FUIF01015187.1,WP_134391351,0.898876404494382,0.3875,0.00196974
FUIF01015187.1,WP_009060571,0.898876404494382,0.3875,0.0161416
FUIF01015187.1,WP_037411008,0.7752808988764045,0.36231884057971014,0.0248584
FUIF01015187.1,KAA0269290,0.43820224719101125,0.46153846153846156,0.0337485
FUIF01015187.1,SEH10500,0.4157303370786517,0.4864864864864865,0.0357752
