Query_Name,Hit_id,Query_cover,Identity,Evalue
OLKC01000557.1,AXH73703,0.9954545454545455,0.9908675799086758,2.39096e-161
OLKC01000557.1,AXH74479,0.9090909090909091,0.715,1.25944e-103
OLKC01000557.1,AXH75827,0.9090909090909091,0.715,4.7767e-102
OLKC01000557.1,AXH75401,0.8909090909090909,0.7244897959183674,1.95047e-95
OLKC01000557.1,AXH78580,0.9727272727272728,0.3878504672897196,1.73123e-42
