Query_Name,Hit_id,Query_cover,Identity,Evalue
VMHT01101711.1,OUX84513,0.8854166666666666,0.6,2.0847e-31
VMHT01101711.1,WP_108865435,0.96875,0.4946236559139785,4.08844e-22
VMHT01101711.1,RPG31850,0.9270833333333334,0.449438202247191,1.4999e-18
VMHT01101711.1,ATV46320,0.8645833333333334,0.4578313253012048,2.04672e-15
VMHT01101711.1,BAR35901,0.9270833333333334,0.3595505617977528,1.15198e-13
