Query_Name,Hit_id,Query_cover,Identity,Evalue
VMHT01136141.1,WP_143924547,0.24553224553224554,0.31645569620253167,6.18779e-30
VMHT01136141.1,WP_125990313,0.22921522921522922,0.28135593220338984,8.56065e-28
VMHT01136141.1,WP_095875116,0.289044289044289,0.2903225806451613,1.22511e-27
VMHT01136141.1,WP_121794248,0.222999222999223,0.289198606271777,5.65888e-27
VMHT01136141.1,WP_093357078,0.3038073038073038,0.27621483375959077,1.32331e-26
