Query_Name,Hit_id,Query_cover,Identity,Evalue
LULF01000299.1,PCI95403,0.9972144846796658,0.5111731843575419,3.13482e-107
LULF01000299.1,WP_072576664,0.24233983286908078,0.3333333333333333,0.4305
LULF01000299.1,RKY62967,0.5682451253481894,0.25980392156862747,5.32015
VMHT01072048.1,PCI95403,0.9972067039106145,0.5966386554621849,4.15185e-131
VMHT01072048.1,RKY62967,0.5502793296089385,0.24873096446700507,0.74061
VMHT01072048.1,WP_057282658,0.20949720670391062,0.36,5.90448
