Query_Name,Hit_id,Query_cover,Identity,Evalue
VMHT01081224.1,GBG28599,0.9551122194513716,0.26370757180156656,1.98256e-25
VMHT01081224.1,XP_005819183,0.48877805486284287,0.2755102040816326,2.75458e-16
VMHT01081224.1,RYE15411,0.9825436408977556,0.233502538071066,2.51569e-14
VMHT01081224.1,OUV29446,0.7231920199501247,0.2206896551724138,3.8103e-08
VMHT01081224.1,XP_005823686,0.3167082294264339,0.29133858267716534,0.000213854
VMHT01081224.1,XP_005823686,0.4164588528678304,0.2634730538922156,9.93605
