Query_Name,Hit_id,Query_cover,Identity,Evalue
LULF01000299.1,PCI95403,0.9972144846796658,0.5111731843575419,3.13482e-107
LULF01000299.1,WP_072576664,0.24233983286908078,0.3333333333333333,0.4305
LULF01000299.1,RKY62967,0.5682451253481894,0.25980392156862747,5.32015
