Query_Name,Hit_id,Query_cover,Identity,Evalue
OJHZ01000445.1,QDY52221,0.8858131487889274,0.25,2.17907e-15
OJHZ01000445.1,YP_009174500,0.7439446366782007,0.26976744186046514,6.93897e-15
OJHZ01000445.1,ANS04252,0.6816608996539792,0.27918781725888325,8.39567e-15
OJHZ01000445.1,AUL79457,0.7439446366782007,0.24186046511627907,1.75847e-14
OJHZ01000445.1,NP_048850,0.7231833910034602,0.2727272727272727,2.37616e-14
