Query_Name,Hit_id,Query_cover,Identity,Evalue
VMHT01136141.1,WP_030284448,1.0120967741935485,0.3884462151394422,3.01347e-111
VMHT01136141.1,WP_106674506,0.9838709677419355,0.4036885245901639,3.22708e-111
VMHT01136141.1,WP_066931414,0.9778225806451613,0.4041237113402062,1.23714e-110
VMHT01136141.1,WP_030383599,0.9798387096774194,0.3950617283950617,1.80506e-110
VMHT01136141.1,GAU67675,0.9778225806451613,0.4041237113402062,2.13686e-110
