Query_Name,Hit_id,Query_cover,Identity,Evalue
VMHT01072048.1,PCI95403,0.9972067039106145,0.5966386554621849,4.15185e-131
VMHT01072048.1,RKY62967,0.5502793296089385,0.24873096446700507,0.74061
VMHT01072048.1,WP_057282658,0.20949720670391062,0.36,5.90448
